Heure;Valeur
15:32;18050.1983
15:32;18050.1915
15:32;18047.5097
15:32;18047.4757
15:32;18048.8442
15:32;18071.0634
15:32;18070.6068
15:32;18070.1282
15:32;18078.7908
15:32;18077.7343
15:32;18078.1613
15:32;18078.5717
15:32;18079.4384
15:32;18080.042
15:32;18079.6916
15:32;18079.7412
15:32;18079.7664
15:31;18080.3765
15:31;18082.5466
15:31;18082.5782
15:31;18078.7606
15:31;18078.3303
15:31;18078.6951
15:31;18079.9958
15:31;18079.9393
15:30;18084.0104
15:30;18083.6082
15:30;18083.4352
15:30;18083.7597
15:30;18083.786
15:30;18088.7404
15:30;18093.4587
15:30;18093.7664
15:19;18074.4192
15:19;18073.8548
15:19;18073.8698
15:19;18073.8171
15:19;18073.8736
15:19;18073.8717
15:19;18073.005
15:18;18074.6468
15:18;18073.2782
15:18;18073.2763
15:18;18073.2613
15:18;18071.4371
15:18;18071.4521
15:17;18070.0514
15:17;18070.059
15:17;18070.0667
15:17;18070.1277
15:17;18070.1353
15:17;18070.204
15:17;18070.2193
15:17;18070.5092
15:17;18071.2494
15:17;18071.7862
15:17;18071.9204
15:17;18072.9939
15:16;18073.1281
15:16;18073.13
15:16;18073.3813
15:16;18073.6325
15:16;18078.1553
15:16;18078.7795
15:16;18078.7249
15:16;18080.1256
15:15;18081.4942
15:15;18081.5802
15:15;18081.9244
15:15;18081.981
15:15;18081.6567
15:15;18081.6001
15:14;18081.5813
15:14;18081.5907
15:14;18081.5605
15:14;18081.0474
15:14;18081.0173
15:13;18081.0474
15:13;18081.0569
15:13;18081.0704
15:13;18069.5202
15:13;18069.4599
15:13;18069.3995
15:13;18069.3693
15:13;18068.8562
15:13;18068.2526
15:13;18067.0453
15:12;18068.2526
15:12;18068.2507
15:12;18068.2488
15:12;18068.2413
15:12;18068.213
15:12;18067.9452
15:12;18067.9471
15:12;18035.8639
15:11;18034.8133
15:11;18034.7568
15:11;18034.7266
15:11;18034.4549
15:11;18034.3946
15:11;18035.3951
15:11;18035.4305
15:11;18035.4286
15:11;18035.4267
15:11;18035.4116
15:11;18035.3928
15:11;18035.3833
15:10;18035.3551
15:10;18035.3513
15:10;18035.3362
15:10;18035.3343
15:10;18035.3268
15:10;18035.3249
15:10;18035.2608
15:09;18031.4579
15:09;18026.4326
15:09;18026.6839
15:09;18026.9352
15:09;18028.9453
15:09;18029.1965
15:09;18030.2016
15:08;18031.4579
15:08;18031.1087
15:08;18028.9956
15:08;18029.2468
15:07;18029.4981
15:07;18030.645
15:07;18030.7054
15:07;18031.7316
15:06;18031.8523
15:06;18032.2545
15:06;18033.8632
15:06;18039.4939
15:06;18039.7958
15:05;18041.003
15:05;18041.0298
15:05;18041.2708
15:04;18040.0165
15:04;18039.5977
15:04;18040.8463
15:04;18042.0948
15:04;18041.5957
15:03;18027.1196
15:03;18028.1246
15:03;18028.3759
15:03;18026.8683
15:01;18024.1721
15:01;18024.2395
15:01;18024.2584
15:01;18024.3055
15:01;18025.3561
15:00;18022.9103
14:56;18025.4642
14:55;18023.9551
14:55;18024.0225
14:55;18023.9551
14:55;18023.7591
14:53;18023.5087
14:53;18021.0074
14:53;18017.2038
14:52;18017.2712
14:52;18017.3386
14:52;18019.8326
14:50;18021.0242
14:49;18021.3317
14:49;18021.294
14:49;18013.6524
14:49;18013.9729
14:49;18014.0729
14:49;18015.4736
14:49;18016.4742
14:49;18026.4576
14:49;18030.9502
14:49;18030.9701
14:49;18030.98
14:49;18031.4267
14:48;18031.6199
14:48;18031.6826
14:48;18032.8741
14:48;18033.5013
14:48;18034.1284
14:48;18034.5674
14:48;18034.8693
14:48;18035.1711
14:48;18035.124
14:48;18038.0115
14:48;18038.589
14:48;18038.7334
14:48;18038.8778
14:48;18040.8991
14:48;18041.3322
14:48;18041.7653
14:48;18042.3428
14:48;18043.931
14:48;18046.5298
14:48;18043.901
14:48;18044.0891
14:47;18039.711
14:47;18040.9183
14:46;18041.8188
14:46;18041.848
14:46;18041.8773
14:45;18041.8188
14:45;18041.8527
14:45;18044.4815
14:44;18044.4476
14:43;18044.7523
14:43;18043.5037
14:42;18044.7523
14:41;18044.166
14:41;18022.9046
14:35;18022.713
14:32;18022.8131
14:32;18022.8369
14:32;18027.2149
14:31;18021.1951
14:31;18021.1455
14:30;18020.8615
14:29;18024.6651
14:29;18024.8475
14:29;18025.0299
14:29;18026.3069
14:29;18030.8674
14:29;18026.3069
14:29;18026.2692
14:27;18026.081
14:27;18027.9052
14:26;18025.209
14:26;18027.9052
14:26;18026.9047
14:25;18024.5035
14:25;18026.3277
14:25;18026.472
14:25;18026.3883
14:25;18026.3799
14:25;18025.7518
14:25;18024.6856
14:25;18024.6846
14:24;18024.6367
14:23;18026.4609
14:22;18027.0675
14:21;18037.2664
14:19;18038.5207
14:19;18038.5074
14:18;18040.7688
14:18;18041.2679
14:18;18042.7151
14:18;18042.7716
14:18;18042.7752
14:18;18042.8074
14:18;18042.9325
14:18;18041.6762
14:18;18039.852
14:17;18039.8587
14:17;18035.8438
14:17;18035.8443
14:17;18035.8504
14:17;18035.9505
14:17;18036.2506
14:17;18036.3507
14:17;18036.4507
14:17;18036.8509
14:17;18036.951
14:17;18037.051
14:16;18040.2527
14:16;18040.3481
14:16;18040.4436
14:16;18040.2527
14:16;18040.253
14:16;18040.2532
14:16;18040.2535
14:15;18040.3019
14:14;18040.9384
14:14;18042.7626
14:14;18042.8678
14:14;18042.8853
14:14;18043.1306
14:14;18043.1481
14:14;18043.2883
14:14;18043.1883
14:14;18043.0882
14:13;18041.2873
14:13;18040.08
14:13;18036.6956
14:12;18036.6466
14:10;18036.8979
14:10;18037.7023
14:10;18038.1045
14:10;18038.5067
14:10;18041.322
14:09;18044.5396
14:08;18044.2349
14:08;18044.8211
14:08;18041.6036
14:08;18038.3007
14:08;18041.5183
14:08;18041.9205
14:08;18042.9255
14:08;18042.9597
14:08;18042.9939
14:08;18043.0965
14:08;18043.2674
14:08;18043.3016
14:08;18043.3358
14:08;18043.4383
14:08;18043.6093
14:08;18043.9511
14:08;18043.9853
14:08;18044.0195
14:08;18044.293
14:08;18044.6348
14:08;18044.669
14:08;18046.0022
14:08;18046.3099
14:08;18046.7682
14:08;18047.6849
14:08;18069.2265
14:08;18096.7264
14:08;18096.6102
14:08;18096.5301
14:08;18096.45
14:08;18096.4019
14:08;18096.6532
14:08;18097.1557
14:08;18097.407
14:08;18097.6582
14:08;18099.4171
14:08;18098.2255
14:08;18098.7847
14:08;18100.6865
14:08;18098.7847
14:06;18098.6023
14:06;18098.5834
14:06;18098.6148
14:06;18098.8343
14:06;18099.1478
14:05;18099.1667
14:05;18100.6675
14:04;18100.0226
14:04;18100.09
14:04;18101.3707
14:04;18101.4381
14:04;18101.5055
14:04;18103.258
14:01;18103.4404
14:00;18101.6205
14:00;18101.8381
13:59;18101.4096
13:59;18101.4409
13:59;18101.4723
13:59;18101.7231
13:58;18102.0367
13:58;18102.0392
13:58;18102.0441
13:58;18102.0367
13:57;18102.0681
13:57;18102.0994
13:57;18102.6952
13:56;18103.291
13:56;18103.3061
13:54;18103.3055
13:53;18099.4747
13:53;18097.9739
13:53;18095.9729
13:53;18095.9553
13:53;18095.9378
13:53;18095.9553
13:53;18094.986
13:53;18095.0487
13:53;18095.2996
13:52;18094.986
13:52;18095.0028
13:52;18095.6309
13:52;18095.6936
13:52;18095.6309
13:51;18097.5856
13:51;18098.1187
13:50;18098.1193
13:49;18098.2133
13:45;18098.2117
13:45;18098.149
13:44;18097.5845
13:44;18096.7178
13:41;18096.6504
13:41;18097.1521
13:41;18098.1526
13:40;18097.6509
13:40;18097.737
13:40;18097.6509
13:39;18097.4396
13:39;18097.9413
13:38;18098.1237
13:38;18098.1539
13:37;18098.1237
13:36;18101.7721
13:36;18101.7
13:36;18101.68
13:36;18101.66
13:36;18101.656
13:35;18101.2954
13:35;18101.2327
13:35;18097.5843
13:35;18097.647
13:34;18098.6475
13:33;18120.4836
13:33;18117.4733
13:33;18116.4227
13:33;18116.7675
13:31;18118.5122
13:31;18120.3937
13:31;18120.3623
13:31;18120.331
13:31;18119.7665
13:31;18119.7038
13:31;18119.6725
13:31;18118.8258
13:30;18118.5122
13:30;18118.4122
13:30;18118.3121
13:30;18118.012
13:30;18118.3121
13:29;18118.3959
13:29;18118.4563
13:28;18119.6032
13:27;18119.3855
13:27;18123.946
13:27;18121.2446
13:27;18121.6749
13:27;18122.2373
13:26;18117.6768
13:26;18122.2373
13:26;18120.7657
13:26;18119.6188
13:25;18118.8818
13:25;18118.8783
13:25;18118.8831
13:25;18118.6506
13:25;18118.8507
13:24;18121.352
13:24;18121.3822
13:24;18122.4989
13:23;18122.5008
13:23;18122.5977
13:23;18122.6068
13:22;18123.0371
13:22;18120.0219
13:22;18118.68
13:21;18120.0219
13:21;18119.1098
13:20;18118.4827
13:19;18115.7813
13:19;18115.5989
13:19;18112.1329
13:19;18108.5132
13:19;18108.5759
13:19;18109.1403
13:18;18111.6529
13:18;18111.0258
13:17;18111.0748
13:17;18109.9279
13:17;18109.9636
13:17;18109.9994
13:17;18110.003
13:17;18110.0352
13:17;18110.0709
13:17;18110.1425
13:17;18110.1782
13:17;18110.18
13:17;18110.1818
13:17;18110.1836
13:17;18110.1889
13:17;18110.1907
13:17;18110.1961
13:17;18110.1997
13:17;18110.1961
13:17;18110.2856
13:17;18110.1887
13:17;18110.0918
13:17;18109.8979
13:17;18109.4133
13:17;18109.0255
13:16;18108.4439
13:16;18107.1896
13:16;18107.2897
13:15;18109.891
13:15;18107.2897
13:15;18107.3072
13:15;18107.2072
13:15;18107.1758
13:14;18105.9529
13:14;18105.8855
13:13;18102.7174
13:12;18103.1177
13:12;18102.9914
13:12;18103.5386
13:12;18103.7211
13:12;18103.6607
13:11;18103.6352
13:11;18105.59
13:11;18105.3705
13:11;18104.9001
13:11;18104.3357
13:11;18106.6369
13:11;18106.6387
13:11;18106.6519
13:11;18108.2607
13:10;18109.8695
13:09;18108.5009
13:09;18108.484
13:09;18110.5971
13:09;18114.8233
13:09;18115.1838
13:09;18118.5961
13:08;18115.7947
13:08;18115.1675
13:07;18112.6549
13:07;18112.5922
13:07;18112.5295
13:06;18112.0277
13:06;18112.681
13:06;18112.8634
13:04;18115.5997
13:01;18114.9381
13:00;18114.6245
13:00;18115.625
13:00;18114.3765
12:58;18114.6901
12:56;18115.6022
12:54;18115.6201
12:54;18115.6219
12:54;18115.6238
12:53;18115.6559
12:53;18115.3423
12:49;18117.2433
12:47;18117.029
12:47;18117.0632
12:46;18116.3891
12:45;18116.8194
12:42;18117.1636
12:41;18118.4158
12:41;18117.1351
12:40;18119.9094
12:39;18120.1271
12:39;18118.2261
12:39;18118.228
12:38;18118.2827
12:38;18118.6845
12:38;18118.7486
12:37;18119.6195
12:36;18113.5866
12:36;18113.9002
12:36;18112.0188
12:36;18112.0467
12:36;18112.0228
12:35;18062.0646
12:35;18062.0745
12:35;18061.0694
12:35;18061.1008
12:35;18062.9508
12:35;18063.9559
12:35;18064.5625
12:35;18064.6974
12:35;18065.2366
12:35;18065.1876
12:35;18065.2046
12:35;18065.2366
12:35;18064.6974
12:35;18064.6897
12:35;18064.3998
12:35;18063.3315
12:35;18064.5448
12:35;18063.3315
12:35;18063.3296
12:35;18063.2128
12:35;18063.6149
12:35;18063.7357
12:35;18062.8236
12:35;18055.7092
12:35;18059.4314
12:35;18059.0292
12:35;18063.1542
12:35;18067.7375
12:35;18072.3208
12:35;18072.7791
12:35;18113.5706
12:35;18114.8192
12:35;18113.8187
12:35;18113.8205
12:35;18113.9374
12:35;18114.1396
12:35;18113.5125
12:34;18112.512
12:34;18111.2577
12:34;18111.3577
12:32;18113.2587
12:32;18115.4478
12:32;18115.8126
12:32;18115.995
12:31;18116.7247
12:30;18116.7331
12:30;18116.669
12:30;18116.8514
12:29;18116.669
12:29;18116.6693
12:29;18116.7541
12:28;18119.1999
12:28;18119.1139
12:25;18118.4254
12:25;18118.4726
12:25;18118.3734
12:23;18118.3106
12:23;18117.8089
12:23;18118.2111
12:23;18118.6133
12:23;18121.4287
12:23;18117.4067
12:23;18117.9084
12:21;18115.9074
12:21;18116.8195
12:21;18120.4679
12:19;18127.9592
12:19;18128.0266
12:19;18127.9592
12:19;18130.2228
12:18;18127.2125
12:17;18121.3751
12:17;18121.3667
12:17;18121.6179
12:17;18121.8692
12:17;18122.1205
12:17;18122.623
12:15;18123.8793
12:15;18124.1306
12:14;18124.3818
12:14;18123.8793
12:14;18123.9104
12:14;18125.9115
12:14;18126.7158
12:14;18127.118
12:13;18128.7268
12:13;18129.5312
12:13;18129.9334
12:13;18132.3465
12:13;18132.414
12:13;18133.3576
12:12;18133.0206
12:11;18133.4228
12:11;18133.4586
12:10;18133.8348
12:10;18133.3346
12:10;18129.8539
12:09;18128.3532
12:09;18128.4472
12:09;18128.9489
12:09;18129.0744
12:09;18129.1371
12:09;18129.2625
12:09;18129.5761
12:09;18130.2032
12:09;18130.2659
12:09;18130.2973
12:09;18130.3287
12:09;18130.36
12:09;18131.1439
12:09;18131.4575
12:09;18131.5202
12:09;18131.8024
12:09;18131.8338
12:09;18131.8965
12:09;18132.7118
12:09;18132.7745
12:09;18133.339
12:09;18133.6525
12:08;18134.5305
12:08;18134.2476
12:07;18133.3696
12:07;18139.207
12:07;18139.0463
12:07;18139.0061
12:07;18138.7248
12:07;18139.6028
12:07;18139.7028
12:07;18139.6028
12:05;18133.5829
12:04;18134.3574
12:04;18134.2947
12:03;18134.4201
12:03;18131.6047
12:03;18131.5878
12:03;18131.6878
12:03;18131.7879
12:03;18131.8879
12:02;18131.988
12:02;18132.325
12:01;18135.9269
12:01;18134.8703
12:01;18134.8682
12:01;18134.8679
12:01;18134.8655
12:01;18134.8389
12:01;18134.6565
12:00;18133.4043
12:00;18133.5868
11:59;18134.7783
11:59;18134.3481
11:59;18135.8074
11:58;18136.4179
11:58;18137.1656
11:57;18135.7063
11:57;18128.2151
11:57;18126.9665
11:56;18123.0645
11:55;18118.7372
11:55;18117.5456
11:55;18117.577
11:55;18118.7372
11:55;18118.7456
11:55;18118.8126
11:54;18118.9047
11:54;18118.8557
11:54;18125.6053
11:53;18125.6436
11:53;18122.5682
11:53;18113.6296
11:53;18113.661
11:53;18113.6923
11:53;18113.8177
11:53;18113.9118
11:53;18113.9432
11:53;18114.2567
11:53;18114.4135
11:53;18114.4449
11:53;18114.8839
11:53;18114.9152
11:53;18114.9466
11:53;18115.0093
11:53;18115.1975
11:52;18115.511
11:52;18115.9132
11:52;18116.3154
11:52;18116.7176
11:52;18117.9242
11:52;18118.3264
11:52;18118.6399
11:50;18118.3264
11:50;18118.3577
11:50;18118.3891
11:50;18118.9535
11:49;18118.3264
11:49;18063.3266
11:48;18064.6109
11:48;18064.3425
11:48;18065.591
11:48;18073.0822
11:47;18074.4303
11:46;18062.6211
11:46;18062.6279
11:46;18062.6211
11:46;18062.6233
11:46;18062.6255
11:46;18062.9019
11:46;18062.8345
11:46;18062.9019
11:46;18063.1815
11:45;18062.8739
11:45;18062.8823
11:44;18063.4518
11:44;18063.4412
11:44;18064.2455
11:44;18063.6721
11:44;18062.4648
11:44;18061.9631
11:44;18061.341
11:43;18053.8498
11:43;18054.0379
11:43;18054.3515
11:43;18054.3829
11:43;18057.4245
11:43;18057.5151
11:43;18057.6056
11:43;18057.7867
11:43;18058.0281
11:43;18054.9865
11:43;18055.0806
11:43;18055.1433
11:43;18055.2687
11:43;18055.645
11:42;18056.2094
11:42;18058.0909
11:42;18059.3394
11:42;18057.458
11:42;18057.5207
11:42;18057.6461
11:42;18058.0851
11:42;18058.1478
11:42;18058.1792
11:42;18058.2105
11:42;18058.7123
11:42;18059.0258
11:42;18059.0885
11:42;18059.3394
11:42;18059.3073
11:42;18059.0183
11:42;18058.6973
11:41;18058.0551
11:41;18058.2376
11:41;18059.8793
11:41;18065.7824
11:41;18062.134
11:41;18062.1233
11:41;18073.6735
11:41;18073.6709
11:41;18073.6706
11:39;18073.6472
11:39;18074.2508
11:38;18068.2477
11:38;18068.8698
11:38;18069.3281
11:38;18069.7865
11:38;18096.3697
11:38;18096.2849
11:38;18096.3849
11:38;18099.0863
11:37;18100.287
11:37;18100.19
11:36;18094.7618
11:36;18095.3839
11:36;18095.9863
11:36;18096.0051
11:36;18096.007
11:36;18096.024
11:36;18096.0428
11:36;18096.0805
11:35;18094.8799
11:35;18094.7124
11:33;18093.4561
11:33;18092.6517
11:33;18093.4561
11:33;18093.6562
11:33;18094.1564
11:33;18093.6562
11:33;18088.3734
11:32;18088.3731
11:32;18088.3104
11:31;18088.3731
11:31;18087.9628
11:31;18087.8314
11:31;18086.9909
11:31;18085.7424
11:30;18116.4506
11:30;18116.861
11:30;18116.187
11:29;18116.861
11:29;18116.4841
11:29;18116.9866
11:29;18117.4892
11:29;18117.7404
11:29;18117.9917
11:29;18118.243
11:29;18120.2531
11:29;18120.5043
11:29;18125.2783
11:29;18127.2884
11:28;18130.0523
11:28;18129.8522
11:28;18132.5384
11:27;18133.0828
11:27;18127.6904
11:27;18128.3645
11:27;18130.7237
11:27;18131.0607
11:27;18133.0828
11:27;18153.1491
11:27;18149.5007
11:27;18144.0281
11:27;18134.907
11:27;18134.3034
11:27;18134.5035
11:26;18135.504
11:26;18135.9062
11:26;18136.0886
11:26;18139.5546
11:25;18141.3788
11:25;18142.2909
11:25;18141.3788
11:25;18141.3964
11:25;18141.5716
11:24;18141.9396
11:24;18142.122
11:24;18142.3044
11:24;18142.4868
11:24;18142.6693
11:24;18143.7638
11:24;18143.9462
11:24;18145.588
11:24;18145.7704
11:24;18145.9528
11:24;18146.5001
11:24;18147.4122
11:24;18147.9595
11:24;18149.2364
11:24;18151.0606
11:24;18150.4827
11:24;18150.447
11:24;18147.6831
11:24;18147.3695
11:24;18147.4695
11:24;18147.5696
11:24;18147.8698
11:24;18148.8703
11:24;18149.3705
11:24;18149.9742
11:24;18151.0307
11:24;18155.2569
11:24;18157.575
11:24;18157.6588
11:24;18157.9724
11:24;18157.986
11:24;18158.6405
11:23;18162.2889
11:23;18161.0823
11:23;18161.5681
11:23;18161.0678
11:23;18159.0612
11:22;18159.0989
11:21;18128.3906
11:21;18125.7044
11:21;18124.0626
11:21;18125.3169
11:20;18125.3357
11:20;18124.0815
11:20;18087.4149
11:20;18086.8113
11:20;18087.7575
11:20;18087.7578
11:20;18087.7589
11:19;18087.7575
11:19;18087.9514
11:19;18088.0483
11:19;18092.7011
11:18;18093.6704
11:18;18093.724
11:18;18093.8578
11:18;18093.9649
11:18;18093.9917
11:18;18094.0185
11:18;18095.0092
11:18;18095.0359
11:18;18095.8124
11:18;18095.8751
11:18;18095.9378
11:18;18095.2638
11:18;18097.7995
11:18;18099.4413
11:18;18099.7431
11:18;18100.0449
11:18;18143.5864
11:18;18145.8781
11:18;18146.3364
11:18;18167.878
11:18;18169.0696
11:18;18168.9565
11:18;18169.0884
11:18;18167.8342
11:18;18168.3344
11:18;18168.8347
11:18;18168.9347
11:18;18169.0348
11:18;18170.8357
11:18;18165.4433
11:18;18165.5403
11:18;18165.6372
11:18;18166.0249
11:18;18166.2035
11:18;18166.7392
11:17;18167.0394
11:17;18165.3976
11:17;18165.4917
11:17;18165.962
11:17;18166.5892
11:17;18166.6519
11:17;18166.6832
11:17;18166.7146
11:16;18167.8435
11:16;18167.844
11:16;18167.8448
11:16;18167.8674
11:15;18167.4652
11:15;18173.5316
11:14;18167.4652
11:14;18165.8564
11:14;18165.8648
11:14;18165.5229
11:14;18166.197
11:13;18169.5672
11:13;18164.9163
11:13;18168.5647
11:13;18167.9611
11:13;18159.7111
11:12;18158.1734
11:12;18159.5154
11:11;18158.1734
11:11;18158.1545
11:11;18158.1885
11:11;18155.5361
11:10;18155.5134
11:10;18155.5287
11:10;18155.9309
11:10;18157.5397
11:09;18155.2385
11:09;18155.2366
11:09;18155.2385
11:09;18156.5192
11:09;18157.1932
11:09;18157.2606
11:09;18158.7435
11:09;18159.2154
11:09;18159.3014
11:09;18159.5596
11:09;18159.3014
11:09;18159.2969
11:09;18159.296
11:09;18159.2969
11:09;18158.4761
11:08;18158.8851
11:08;18158.3849
11:08;18158.3792
11:08;18158.219
11:08;18158.3899
11:08;18158.5609
11:07;18158.5505
11:07;18158.5317
11:07;18158.0314
11:07;18156.7829
11:07;18156.7734
11:07;18157.2737
11:07;18157.2643
11:07;18157.2454
11:07;18157.2341
11:07;18157.2322
11:07;18157.2304
11:06;18157.2285
11:06;18150.24
11:06;18149.8569
11:06;18146.7922
11:06;18139.1304
11:06;18138.3643
11:06;18124.5731
11:05;18125.1973
11:04;18123.1963
11:04;18123.1621
11:04;18123.1963
11:04;18123.8206
11:04;18123.6381
11:04;18123.3494
11:04;18123.205
11:04;18117.863
11:03;18112.0879
11:03;18112.762
11:03;18113.436
11:03;18113.7731
11:03;18115.4582
11:02;18115.3244
11:02;18118.0987
11:02;18116.7506
11:01;18116.2149
11:01;18116.2337
11:01;18116.3487
11:01;18116.349
11:01;18116.35
11:01;18116.3503
11:01;18116.3684
11:01;18116.186
11:00;18114.7266
11:00;18114.6952
10:59;18114.7266
10:58;18123.8932
10:58;18123.9105
10:58;18123.9123
10:57;18123.8932
10:57;18123.9606
10:56;18124.5673
10:56;18124.4229
10:54;18126.2416
10:54;18128.2427
10:53;18129.1032
10:53;18130.5626
10:53;18128.5615
10:53;18128.5383
10:52;18125.4653
10:52;18125.5327
10:51;18124.7912
10:51;18118.0071
10:51;18117.7559
10:50;18120.8289
10:50;18120.8297
10:50;18115.2481
10:49;18115.2484
10:49;18115.4308
10:48;18114.6678
10:48;18115.2949
10:48;18120.2494
10:48;18120.853
10:48;18120.8533
10:48;18120.8535
10:48;18120.8583
10:47;18120.8673
10:47;18120.3028
10:47;18115.2857
10:47;18115.2838
10:46;18114.2274
10:46;18114.8546
10:46;18116.736
10:46;18116.7987
10:46;18116.8614
10:46;18117.0496
10:46;18117.3632
10:46;18118.6174
10:46;18119.2446
10:46;18119.2427
10:46;18119.1409
10:46;18119.0155
10:45;18118.5138
10:45;18118.5119
10:45;18117.5871
10:44;18117.6449
10:44;18116.2441
10:44;18116.0328
10:44;18113.7084
10:43;18114.0875
10:43;18114.7297
10:41;18118.0129
10:40;18118.1953
10:40;18116.4393
10:40;18116.4925
10:40;18116.4662
10:40;18116.5336
10:40;18117.1403
10:40;18118.4884
10:40;18118.6232
10:40;18118.4408
10:40;18117.9824
10:39;18109.2741
10:39;18109.4565
10:39;18111.2807
10:39;18113.105
10:39;18114.0171
10:39;18114.7467
10:39;18114.9468
10:39;18116.0474
10:39;18115.4471
10:38;18114.9468
10:38;18114.972
10:38;18114.8186
10:37;18113.0291
10:37;18112.829
10:37;18112.7662
10:37;18112.5941
10:36;18112.636
10:36;18112.0336
10:36;18114.3541
10:36;18114.3959
10:36;18113.2671
10:36;18114.1395
10:36;18095.1823
10:35;18093.2559
10:35;18092.8537
10:35;18093.5656
10:34;18089.0428
10:34;18090.5058
10:34;18089.2515
10:33;18089.222
10:32;18087.9677
10:32;18087.8329
10:32;18086.4848
10:31;18087.1119
10:31;18086.4848
10:31;18086.3302
10:31;18086.7324
10:31;18086.7148
10:31;18086.6272
10:31;18086.452
10:31;18086.1015
10:31;18086.1032
10:30;18086.188
10:30;18085.5609
10:30;18084.3066
10:29;18086.8786
10:29;18086.0062
10:29;18085.4246
10:29;18085.4874
10:29;18085.6128
10:29;18085.7382
10:29;18085.7696
10:29;18085.8009
10:29;18085.8636
10:29;18086.6789
10:29;18084.1776
10:29;18085.5257
10:29;18084.8976
10:29;18083.2558
10:28;18083.229
10:28;18081.8809
10:28;18081.7904
10:27;18081.7075
10:27;18081.6074
10:27;18081.4818
10:26;18082.0462
10:26;18082.0598
10:25;18080.6174
10:25;18082.1003
10:25;18082.2345
10:25;18082.3687
10:25;18082.5029
10:25;18082.6371
10:25;18095.5199
10:25;18095.4229
10:25;18097.0647
10:25;18096.928
10:25;18096.8606
10:25;18096.921
10:25;18098.0075
10:25;18097.9761
10:25;18098.0075
10:24;18097.8194
10:24;18097.9023
10:24;18100.5036
10:24;18099.9
10:24;18099.4171
10:24;18096.6535
10:24;18098.0016
10:23;18095.9794
10:23;18096.1619
10:23;18095.9737
10:22;18096.1105
10:22;18096.2105
10:22;18096.2407
10:22;18096.3034
10:22;18096.3661
10:22;18098.0594
10:22;18096.8678
10:22;18096.4288
10:22;18096.3288
10:21;18093.3272
10:21;18091.503
10:21;18091.4403
10:20;18091.2617
10:20;18094.4634
10:20;18096.4855
10:20;18096.6737
10:20;18096.9873
10:20;18098.629
10:19;18097.5979
10:19;18097.7423
10:18;18097.3546
10:18;18093.7527
10:17;18093.7101
10:17;18093.7544
10:17;18091.7322
10:17;18091.8323
10:17;18091.7322
10:16;18092.8477
10:16;18085.3601
10:15;18086.4167
10:15;18085.7426
10:15;18085.925
10:15;18085.9295
10:15;18085.6739
10:15;18085.7001
10:14;18086.672
10:14;18087.346
10:14;18086.672
10:14;18086.4895
10:13;18086.672
10:13;18086.7394
10:13;18086.8068
10:13;18089.3682
10:13;18089.4682
10:13;18089.7684
10:13;18092.6699
10:13;18092.7699
10:13;18092.87
10:13;18094.1706
10:13;18094.6234
10:13;18095.3771
10:13;18096.5837
10:13;18095.5594
10:13;18095.528
10:12;18095.5594
10:12;18096.163
10:12;18098.0358
10:12;18097.7222
10:12;18096.5157
10:11;18093.9436
10:11;18094.1964
10:11;18094.5755
10:11;18094.7019
10:11;18095.9657
10:11;18096.4712
10:11;18096.5976
10:11;18097.7351
10:11;18102.7903
10:11;18101.2852
10:11;18101.1027
10:11;18101.2852
10:11;18099.263
10:10;18099.2856
10:10;18100.4053
10:10;18099.7312
10:09;18099.6685
10:09;18099.6999
10:09;18099.7312
10:09;18099.794
10:09;18100.2957
10:09;18101.55
10:09;18118.3846
10:09;18118.0739
10:09;18118.3846
10:09;18118.3777
10:09;18117.7028
10:09;18118.3777
10:08;18112.271
10:08;18112.3673
10:08;18113.4911
10:08;18113.5553
10:08;18108.0827
10:08;18107.9997
10:08;18114.1065
10:07;18119.5791
10:07;18118.8253
10:07;18118.825
10:07;18118.3248
10:06;18116.4434
10:06;18115.5429
10:06;18115.4428
10:06;18120.4982
10:06;18120.5609
10:06;18122.3169
10:05;18120.4982
10:05;18120.6923
10:05;18121.9466
10:04;18120.0652
10:04;18120.6688
10:04;18117.7673
10:04;18120.6688
10:04;18121.296
10:03;18122.5503
10:03;18123.4108
10:03;18121.5294
10:03;18122.3021
10:03;18122.3648
10:03;18122.6157
10:03;18122.9292
10:03;18124.1835
10:03;18124.0011
10:03;18124.043
10:03;18124.0513
10:03;18124.3361
10:02;18125.0061
10:02;18125.1885
10:02;18134.3552
10:02;18120.9356
10:02;18120.8387
10:02;18119.482
10:02;18114.4941
10:01;18111.0923
10:01;18111.0966
10:01;18111.0987
10:01;18111.1008
10:01;18111.1136
10:01;18114.5154
10:01;18112.9475
10:01;18111.1233
10:01;18112.9475
10:01;18112.6963
10:01;18101.892
10:01;18095.6104
10:01;18096.817
10:01;18096.5262
10:01;18096.4293
10:00;18096.817
10:00;18096.8162
09:59;18093.3144
09:59;18093.6907
09:59;18094.2551
09:59;18093.1985
09:59;18094.4792
09:59;18095.8273
09:59;18094.5466
09:59;18098.0484
09:59;18096.8419
09:59;18095.8413
09:59;18093.34
09:59;18093.5957
09:59;18093.5912
09:59;18093.5509
09:59;18093.1524
09:59;18092.97
09:58;18093.1524
09:58;18093.7796
09:58;18093.5283
09:58;18094.135
09:58;18094.1977
09:58;18094.7621
09:57;18094.135
09:57;18093.4609
09:57;18092.7725
09:57;18092.6004
09:57;18093.0026
09:57;18094.2092
09:57;18094.1231
09:57;18094.0371
09:57;18092.4881
09:57;18092.6556
09:57;18092.4881
09:57;18092.4277
09:57;18088.7793
09:57;18092.4277
09:57;18092.4354
09:56;18092.4277
09:56;18092.4904
09:56;18092.5532
09:56;18093.8095
09:56;18094.0607
09:56;18097.5784
09:56;18098.3322
09:56;18098.5835
09:56;18105.6188
09:56;18105.807
09:56;18106.1205
09:55;18105.6188
09:55;18106.2929
09:55;18105.6862
09:55;18105.7489
09:55;18105.7532
09:55;18105.8786
09:55;18106.1922
09:55;18105.7848
09:55;18105.4712
09:55;18103.647
09:54;18105.4712
09:54;18105.5339
09:54;18105.7848
09:54;18105.5339
09:54;18105.5509
09:54;18106.1576
09:53;18105.6184
09:53;18104.6178
09:53;18106.2596
09:53;18106.2672
09:53;18106.2749
09:53;18106.2825
09:53;18107.6178
09:53;18108.6184
09:53;18108.8101
09:53;18101.6957
09:53;18101.9465
09:53;18099.8942
09:52;18101.1075
09:52;18102.299
09:52;18105.8008
09:52;18102.299
09:52;18102.2996
09:52;18100.4754
09:52;18100.5591
09:52;18100.6592
09:52;18102.9604
09:52;18100.6592
09:52;18102.0599
09:51;18102.9604
09:51;18103.5607
09:51;18101.9519
09:50;18102.4522
09:50;18101.2606
09:50;18100.7604
09:50;18101.3607
09:50;18103.1849
09:50;18103.1873
09:50;18103.2469
09:50;18103.2494
09:50;18103.4329
09:50;18103.4801
09:49;18103.5297
09:49;18103.5924
09:49;18103.2788
09:49;18103.0964
09:49;18101.9767
09:49;18101.6749
09:49;18103.3959
09:49;18108.1143
09:49;18107.514
09:49;18107.614
09:49;18108.0142
09:48;18109.515
09:48;18108.0142
09:48;18108.2724
09:48;18108.3584
09:48;18108.2724
09:48;18106.6306
09:48;18101.158
09:48;18106.6306
09:47;18106.3724
09:47;18106.3283
09:47;18105.9281
09:47;18105.756
09:47;18104.207
09:47;18104.877
09:47;18104.1232
09:47;18104.5235
09:47;18104.1232
09:47;18105.6284
09:46;18107.2702
09:46;18107.6704
09:46;18106.0286
09:46;18104.2044
09:45;18104.022
09:45;18102.6739
09:45;18102.1306
09:45;18102.1131
09:45;18101.9378
09:45;18101.9203
09:44;18101.9028
09:44;18101.8401
09:44;18100.3349
09:43;18099.6053
09:43;18099.4228
09:43;18100.3349
09:43;18100.6485
09:43;18101.8401
09:43;18101.9028
09:43;18101.8354
09:43;18101.2287
09:43;18100.5547
09:43;18100.2177
09:43;18099.8807
09:43;18100.0631
09:43;18100.1049
09:42;18100.0631
09:42;18101.5638
09:42;18099.7396
09:42;18101.5638
09:42;18096.8455
09:42;18097.3888
09:42;18097.4793
09:42;18097.9924
09:42;18098.5961
09:41;18099.8033
09:40;18099.7223
09:40;18101.5465
09:40;18101.5522
09:40;18101.6294
09:40;18104.631
09:40;18104.5449
09:40;18104.4589
09:40;18101.8773
09:39;18099.376
09:39;18100.8767
09:39;18101.5189
09:39;18103.9716
09:38;18105.6134
09:38;18103.9716
09:38;18104.3547
09:38;18117.7628
09:38;18115.9386
09:38;18117.7628
09:38;18122.8182
09:38;18124.8292
09:37;18113.8839
09:37;18114.9166
09:37;18109.4439
09:37;18109.4592
09:36;18109.4767
09:36;18109.4093
09:36;18108.4657
09:36;18106.6415
09:36;18105.9674
09:36;18104.5519
09:36;18103.9248
09:36;18103.9171
09:35;18103.9095
09:35;18103.9537
09:35;18102.7464
09:35;18104.1619
09:35;18104.789
09:35;18097.4922
09:35;18104.6066
09:34;18104.789
09:34;18106.2966
09:34;18106.5479
09:34;18109.0605
09:34;18108.4569
09:34;18106.4558
09:33;18106.2734
09:33;18099.159
09:32;18098.9766
09:32;18106.4642
09:32;18105.8863
09:32;18100.8333
09:32;18100.6623
09:32;18100.8747
09:32;18100.7779
09:32;18100.8889
09:32;18100.9366
09:32;18100.7922
09:32;18102.6031
09:32;18102.3325
09:32;18102.2828
09:32;18093.1617
09:32;18093.1732
09:32;18093.5537
09:32;18094.0194
09:32;18089.0252
09:31;18089.6524
09:31;18086.5876
09:31;18080.1168
09:31;18079.2932
09:31;18078.5761
09:31;18078.4932
09:31;18075.7208
09:31;18075.6945
09:31;18074.8572
09:31;18073.2155
09:31;18071.3913
09:31;18070.2726
09:31;18068.4484
09:30;18066.6241
09:30;18065.8477
09:30;18066.4191
09:30;18064.5949
09:30;18065.8902
09:30;18065.8817
09:30;18064.5235
09:30;18062.5125
09:30;18058.4906
09:30;18058.5875
09:30;17997.1711
08:03;17979.1114
